{
    "RECORDS": [
        {
            "dt": "20181005",
            "area": "10",
            "aggrnum": "439398"
        },
        {
            "dt": "20181023",
            "area": "4",
            "aggrnum": "533534"
        },
        {
            "dt": "20181019",
            "area": "5",
            "aggrnum": "896101"
        },
        {
            "dt": "20181026",
            "area": "3",
            "aggrnum": "1289647"
        },
        {
            "dt": "20181018",
            "area": "3",
            "aggrnum": "1206293"
        },
        {
            "dt": "20181009",
            "area": "8",
            "aggrnum": "1064195"
        },
        {
            "dt": "20181031",
            "area": "7",
            "aggrnum": "1083973"
        },
        {
            "dt": "20181029",
            "area": "7",
            "aggrnum": "1080934"
        },
        {
            "dt": "20181018",
            "area": "7",
            "aggrnum": "1041319"
        },
        {
            "dt": "20181021",
            "area": "9",
            "aggrnum": "568194"
        },
        {
            "dt": "20181008",
            "area": "5",
            "aggrnum": "880905"
        },
        {
            "dt": "20181015",
            "area": "4",
            "aggrnum": "936741"
        },
        {
            "dt": "20181019",
            "area": "8",
            "aggrnum": "1086732"
        },
        {
            "dt": "20181022",
            "area": "8",
            "aggrnum": "539008"
        },
        {
            "dt": "20181019",
            "area": "6",
            "aggrnum": "1166114"
        },
        {
            "dt": "20181016",
            "area": "7",
            "aggrnum": "1052620"
        },
        {
            "dt": "20181030",
            "area": "10",
            "aggrnum": "434241"
        },
        {
            "dt": "20181009",
            "area": "5",
            "aggrnum": "880566"
        },
        {
            "dt": "20181001",
            "area": "5",
            "aggrnum": "893356"
        },
        {
            "dt": "20181026",
            "area": "6",
            "aggrnum": "1202878"
        },
        {
            "dt": "20181003",
            "area": "1",
            "aggrnum": "895458"
        },
        {
            "dt": "20181025",
            "area": "3",
            "aggrnum": "1199872"
        },
        {
            "dt": "20181029",
            "area": "3",
            "aggrnum": "1251028"
        },
        {
            "dt": "20181001",
            "area": "3",
            "aggrnum": "1291629"
        },
        {
            "dt": "20181030",
            "area": "7",
            "aggrnum": "1062463"
        },
        {
            "dt": "20181025",
            "area": "11",
            "aggrnum": "711419"
        },
        {
            "dt": "20181023",
            "area": "5",
            "aggrnum": "496806"
        },
        {
            "dt": "20181028",
            "area": "3",
            "aggrnum": "1317375"
        },
        {
            "dt": "20181003",
            "area": "3",
            "aggrnum": "1123817"
        },
        {
            "dt": "20181027",
            "area": "8",
            "aggrnum": "1135217"
        },
        {
            "dt": "20181018",
            "area": "5",
            "aggrnum": "893226"
        },
        {
            "dt": "20181011",
            "area": "4",
            "aggrnum": "913996"
        },
        {
            "dt": "20181028",
            "area": "9",
            "aggrnum": "1029834"
        },
        {
            "dt": "20181027",
            "area": "9",
            "aggrnum": "1037458"
        },
        {
            "dt": "20181005",
            "area": "6",
            "aggrnum": "1118731"
        },
        {
            "dt": "20181022",
            "area": "11",
            "aggrnum": "307700"
        },
        {
            "dt": "20181022",
            "area": "5",
            "aggrnum": "411708"
        },
        {
            "dt": "20181027",
            "area": "4",
            "aggrnum": "968094"
        },
        {
            "dt": "20181010",
            "area": "6",
            "aggrnum": "1129983"
        },
        {
            "dt": "20181017",
            "area": "5",
            "aggrnum": "902825"
        },
        {
            "dt": "20181029",
            "area": "4",
            "aggrnum": "946493"
        },
        {
            "dt": "20181010",
            "area": "1",
            "aggrnum": "1173974"
        },
        {
            "dt": "20181018",
            "area": "11",
            "aggrnum": "713746"
        },
        {
            "dt": "20181026",
            "area": "8",
            "aggrnum": "1144849"
        },
        {
            "dt": "20181003",
            "area": "2",
            "aggrnum": "492357"
        },
        {
            "dt": "20181027",
            "area": "11",
            "aggrnum": "755132"
        },
        {
            "dt": "20181018",
            "area": "6",
            "aggrnum": "1129786"
        },
        {
            "dt": "20181007",
            "area": "1",
            "aggrnum": "1087152"
        },
        {
            "dt": "20181026",
            "area": "9",
            "aggrnum": "1029707"
        },
        {
            "dt": "20181016",
            "area": "9",
            "aggrnum": "986769"
        },
        {
            "dt": "20181007",
            "area": "7",
            "aggrnum": "1159300"
        },
        {
            "dt": "20181021",
            "area": "11",
            "aggrnum": "301673"
        },
        {
            "dt": "20181003",
            "area": "9",
            "aggrnum": "994459"
        },
        {
            "dt": "20181014",
            "area": "8",
            "aggrnum": "1104217"
        },
        {
            "dt": "20181008",
            "area": "9",
            "aggrnum": "1007364"
        },
        {
            "dt": "20181029",
            "area": "10",
            "aggrnum": "441595"
        },
        {
            "dt": "20181001",
            "area": "10",
            "aggrnum": "514053"
        },
        {
            "dt": "20181027",
            "area": "5",
            "aggrnum": "943533"
        },
        {
            "dt": "20181018",
            "area": "4",
            "aggrnum": "916860"
        },
        {
            "dt": "20181005",
            "area": "8",
            "aggrnum": "981303"
        },
        {
            "dt": "20181024",
            "area": "7",
            "aggrnum": "1003415"
        },
        {
            "dt": "20181006",
            "area": "6",
            "aggrnum": "1175620"
        },
        {
            "dt": "20181011",
            "area": "10",
            "aggrnum": "431996"
        },
        {
            "dt": "20181002",
            "area": "10",
            "aggrnum": "458549"
        },
        {
            "dt": "20181023",
            "area": "9",
            "aggrnum": "631834"
        },
        {
            "dt": "20181029",
            "area": "1",
            "aggrnum": "1195154"
        },
        {
            "dt": "20181029",
            "area": "5",
            "aggrnum": "926409"
        },
        {
            "dt": "20181008",
            "area": "2",
            "aggrnum": "465339"
        },
        {
            "dt": "20181009",
            "area": "6",
            "aggrnum": "1135853"
        },
        {
            "dt": "20181013",
            "area": "9",
            "aggrnum": "1049242"
        },
        {
            "dt": "20181020",
            "area": "7",
            "aggrnum": "709157"
        },
        {
            "dt": "20181027",
            "area": "2",
            "aggrnum": "511369"
        },
        {
            "dt": "20181020",
            "area": "6",
            "aggrnum": "813358"
        },
        {
            "dt": "20181028",
            "area": "4",
            "aggrnum": "982235"
        },
        {
            "dt": "20181008",
            "area": "8",
            "aggrnum": "1058346"
        },
        {
            "dt": "20181007",
            "area": "8",
            "aggrnum": "1059771"
        },
        {
            "dt": "20181021",
            "area": "3",
            "aggrnum": "533865"
        },
        {
            "dt": "20181029",
            "area": "9",
            "aggrnum": "987173"
        },
        {
            "dt": "20181029",
            "area": "2",
            "aggrnum": "501965"
        },
        {
            "dt": "20181015",
            "area": "1",
            "aggrnum": "1197333"
        },
        {
            "dt": "20181015",
            "area": "11",
            "aggrnum": "729802"
        },
        {
            "dt": "20181014",
            "area": "7",
            "aggrnum": "1136345"
        },
        {
            "dt": "20181015",
            "area": "10",
            "aggrnum": "441530"
        },
        {
            "dt": "20181020",
            "area": "5",
            "aggrnum": "531289"
        },
        {
            "dt": "20181010",
            "area": "3",
            "aggrnum": "1209820"
        },
        {
            "dt": "20181010",
            "area": "5",
            "aggrnum": "877286"
        },
        {
            "dt": "20181021",
            "area": "8",
            "aggrnum": "541777"
        },
        {
            "dt": "20181031",
            "area": "3",
            "aggrnum": "1239769"
        },
        {
            "dt": "20181026",
            "area": "5",
            "aggrnum": "947695"
        },
        {
            "dt": "20181028",
            "area": "7",
            "aggrnum": "1170066"
        },
        {
            "dt": "20181019",
            "area": "2",
            "aggrnum": "480697"
        },
        {
            "dt": "20181002",
            "area": "6",
            "aggrnum": "1199262"
        },
        {
            "dt": "20181015",
            "area": "9",
            "aggrnum": "1006819"
        },
        {
            "dt": "20181024",
            "area": "3",
            "aggrnum": "1129289"
        },
        {
            "dt": "20181014",
            "area": "9",
            "aggrnum": "1024104"
        },
        {
            "dt": "20181004",
            "area": "6",
            "aggrnum": "1104904"
        },
        {
            "dt": "20181026",
            "area": "7",
            "aggrnum": "1121507"
        },
        {
            "dt": "20181010",
            "area": "9",
            "aggrnum": "975457"
        },
        {
            "dt": "20181012",
            "area": "5",
            "aggrnum": "923027"
        },
        {
            "dt": "20181023",
            "area": "6",
            "aggrnum": "736626"
        },
        {
            "dt": "20181020",
            "area": "10",
            "aggrnum": "318164"
        },
        {
            "dt": "20181023",
            "area": "3",
            "aggrnum": "640675"
        },
        {
            "dt": "20181015",
            "area": "8",
            "aggrnum": "1082497"
        },
        {
            "dt": "20181006",
            "area": "9",
            "aggrnum": "1019124"
        },
        {
            "dt": "20181004",
            "area": "5",
            "aggrnum": "772966"
        },
        {
            "dt": "20181015",
            "area": "5",
            "aggrnum": "906374"
        },
        {
            "dt": "20181030",
            "area": "9",
            "aggrnum": "983817"
        },
        {
            "dt": "20181031",
            "area": "9",
            "aggrnum": "995044"
        },
        {
            "dt": "20181021",
            "area": "2",
            "aggrnum": "220559"
        },
        {
            "dt": "20181020",
            "area": "11",
            "aggrnum": "393417"
        },
        {
            "dt": "20181013",
            "area": "6",
            "aggrnum": "1205286"
        },
        {
            "dt": "20181024",
            "area": "11",
            "aggrnum": "666177"
        },
        {
            "dt": "20181008",
            "area": "4",
            "aggrnum": "917978"
        },
        {
            "dt": "20181024",
            "area": "8",
            "aggrnum": "1001701"
        },
        {
            "dt": "20181012",
            "area": "2",
            "aggrnum": "493204"
        },
        {
            "dt": "20181019",
            "area": "9",
            "aggrnum": "1007543"
        },
        {
            "dt": "20181016",
            "area": "5",
            "aggrnum": "896920"
        },
        {
            "dt": "20181017",
            "area": "9",
            "aggrnum": "989406"
        },
        {
            "dt": "20181017",
            "area": "10",
            "aggrnum": "427587"
        },
        {
            "dt": "20181002",
            "area": "2",
            "aggrnum": "474254"
        },
        {
            "dt": "20181031",
            "area": "4",
            "aggrnum": "945467"
        },
        {
            "dt": "20181030",
            "area": "11",
            "aggrnum": "724291"
        },
        {
            "dt": "20181007",
            "area": "10",
            "aggrnum": "446460"
        },
        {
            "dt": "20181003",
            "area": "6",
            "aggrnum": "1140051"
        },
        {
            "dt": "20181002",
            "area": "7",
            "aggrnum": "1206420"
        },
        {
            "dt": "20181019",
            "area": "1",
            "aggrnum": "1206995"
        },
        {
            "dt": "20181004",
            "area": "4",
            "aggrnum": "879029"
        },
        {
            "dt": "20181021",
            "area": "4",
            "aggrnum": "472030"
        },
        {
            "dt": "20181013",
            "area": "1",
            "aggrnum": "1197748"
        },
        {
            "dt": "20181012",
            "area": "4",
            "aggrnum": "960943"
        },
        {
            "dt": "20181001",
            "area": "4",
            "aggrnum": "1003992"
        },
        {
            "dt": "20181027",
            "area": "7",
            "aggrnum": "1151841"
        },
        {
            "dt": "20181024",
            "area": "2",
            "aggrnum": "447447"
        },
        {
            "dt": "20181009",
            "area": "10",
            "aggrnum": "427905"
        },
        {
            "dt": "20181005",
            "area": "2",
            "aggrnum": "492023"
        },
        {
            "dt": "20181014",
            "area": "4",
            "aggrnum": "966162"
        },
        {
            "dt": "20181029",
            "area": "8",
            "aggrnum": "1097882"
        },
        {
            "dt": "20181024",
            "area": "6",
            "aggrnum": "1084698"
        },
        {
            "dt": "20181011",
            "area": "3",
            "aggrnum": "1224109"
        },
        {
            "dt": "20181004",
            "area": "2",
            "aggrnum": "473320"
        },
        {
            "dt": "20181026",
            "area": "4",
            "aggrnum": "982593"
        },
        {
            "dt": "20181012",
            "area": "9",
            "aggrnum": "1019656"
        },
        {
            "dt": "20181005",
            "area": "1",
            "aggrnum": "939550"
        },
        {
            "dt": "20181009",
            "area": "11",
            "aggrnum": "706553"
        },
        {
            "dt": "20181006",
            "area": "11",
            "aggrnum": "689114"
        },
        {
            "dt": "20181017",
            "area": "4",
            "aggrnum": "913312"
        },
        {
            "dt": "20181025",
            "area": "2",
            "aggrnum": "469843"
        },
        {
            "dt": "20181028",
            "area": "2",
            "aggrnum": "508407"
        },
        {
            "dt": "20181018",
            "area": "9",
            "aggrnum": "986255"
        },
        {
            "dt": "20181001",
            "area": "1",
            "aggrnum": "1044016"
        },
        {
            "dt": "20181024",
            "area": "5",
            "aggrnum": "820404"
        },
        {
            "dt": "20181010",
            "area": "7",
            "aggrnum": "1046684"
        },
        {
            "dt": "20181001",
            "area": "7",
            "aggrnum": "1367172"
        },
        {
            "dt": "20181011",
            "area": "11",
            "aggrnum": "709855"
        },
        {
            "dt": "20181010",
            "area": "2",
            "aggrnum": "459629"
        },
        {
            "dt": "20181002",
            "area": "3",
            "aggrnum": "1187312"
        },
        {
            "dt": "20181004",
            "area": "3",
            "aggrnum": "1093072"
        },
        {
            "dt": "20181020",
            "area": "9",
            "aggrnum": "705433"
        },
        {
            "dt": "20181013",
            "area": "4",
            "aggrnum": "964293"
        },
        {
            "dt": "20181021",
            "area": "1",
            "aggrnum": "589213"
        },
        {
            "dt": "20181002",
            "area": "1",
            "aggrnum": "948876"
        },
        {
            "dt": "20181011",
            "area": "2",
            "aggrnum": "467517"
        },
        {
            "dt": "20181007",
            "area": "9",
            "aggrnum": "1034957"
        },
        {
            "dt": "20181019",
            "area": "3",
            "aggrnum": "1236342"
        },
        {
            "dt": "20181024",
            "area": "4",
            "aggrnum": "847734"
        },
        {
            "dt": "20181001",
            "area": "9",
            "aggrnum": "1129886"
        },
        {
            "dt": "20181011",
            "area": "6",
            "aggrnum": "1132331"
        },
        {
            "dt": "20181020",
            "area": "2",
            "aggrnum": "289140"
        },
        {
            "dt": "20181013",
            "area": "2",
            "aggrnum": "483433"
        },
        {
            "dt": "20181002",
            "area": "11",
            "aggrnum": "750421"
        },
        {
            "dt": "20181006",
            "area": "10",
            "aggrnum": "447936"
        },
        {
            "dt": "20181022",
            "area": "6",
            "aggrnum": "619172"
        },
        {
            "dt": "20181013",
            "area": "5",
            "aggrnum": "937114"
        },
        {
            "dt": "20181020",
            "area": "4",
            "aggrnum": "580533"
        },
        {
            "dt": "20181002",
            "area": "8",
            "aggrnum": "1011949"
        },
        {
            "dt": "20181025",
            "area": "6",
            "aggrnum": "1133151"
        },
        {
            "dt": "20181023",
            "area": "7",
            "aggrnum": "647960"
        },
        {
            "dt": "20181004",
            "area": "10",
            "aggrnum": "430553"
        },
        {
            "dt": "20181022",
            "area": "3",
            "aggrnum": "504687"
        },
        {
            "dt": "20181011",
            "area": "5",
            "aggrnum": "884885"
        },
        {
            "dt": "20181021",
            "area": "5",
            "aggrnum": "418973"
        },
        {
            "dt": "20181003",
            "area": "4",
            "aggrnum": "874970"
        },
        {
            "dt": "20181008",
            "area": "11",
            "aggrnum": "714417"
        },
        {
            "dt": "20181017",
            "area": "11",
            "aggrnum": "719696"
        },
        {
            "dt": "20181010",
            "area": "11",
            "aggrnum": "701413"
        },
        {
            "dt": "20181028",
            "area": "5",
            "aggrnum": "927340"
        },
        {
            "dt": "20181020",
            "area": "3",
            "aggrnum": "686699"
        },
        {
            "dt": "20181008",
            "area": "1",
            "aggrnum": "1152123"
        },
        {
            "dt": "20181017",
            "area": "7",
            "aggrnum": "1046585"
        },
        {
            "dt": "20181005",
            "area": "3",
            "aggrnum": "1141939"
        },
        {
            "dt": "20181001",
            "area": "2",
            "aggrnum": "500326"
        },
        {
            "dt": "20181019",
            "area": "4",
            "aggrnum": "937662"
        },
        {
            "dt": "20181003",
            "area": "10",
            "aggrnum": "443897"
        },
        {
            "dt": "20181024",
            "area": "10",
            "aggrnum": "413258"
        },
        {
            "dt": "20181006",
            "area": "8",
            "aggrnum": "1032862"
        },
        {
            "dt": "20181008",
            "area": "7",
            "aggrnum": "1050380"
        },
        {
            "dt": "20181012",
            "area": "1",
            "aggrnum": "1229753"
        },
        {
            "dt": "20181003",
            "area": "8",
            "aggrnum": "952102"
        },
        {
            "dt": "20181016",
            "area": "6",
            "aggrnum": "1132543"
        },
        {
            "dt": "20181014",
            "area": "11",
            "aggrnum": "737119"
        },
        {
            "dt": "20181012",
            "area": "11",
            "aggrnum": "739370"
        },
        {
            "dt": "20181031",
            "area": "1",
            "aggrnum": "1194696"
        },
        {
            "dt": "20181025",
            "area": "8",
            "aggrnum": "1065418"
        },
        {
            "dt": "20181013",
            "area": "7",
            "aggrnum": "1137619"
        },
        {
            "dt": "20181031",
            "area": "2",
            "aggrnum": "494463"
        },
        {
            "dt": "20181013",
            "area": "3",
            "aggrnum": "1304147"
        },
        {
            "dt": "20181022",
            "area": "9",
            "aggrnum": "566410"
        },
        {
            "dt": "20181014",
            "area": "6",
            "aggrnum": "1220965"
        },
        {
            "dt": "20181007",
            "area": "6",
            "aggrnum": "1221669"
        },
        {
            "dt": "20181021",
            "area": "7",
            "aggrnum": "567017"
        },
        {
            "dt": "20181007",
            "area": "5",
            "aggrnum": "869281"
        },
        {
            "dt": "20181007",
            "area": "3",
            "aggrnum": "1273769"
        },
        {
            "dt": "20181014",
            "area": "3",
            "aggrnum": "1303443"
        },
        {
            "dt": "20181031",
            "area": "8",
            "aggrnum": "1103991"
        },
        {
            "dt": "20181031",
            "area": "6",
            "aggrnum": "1152048"
        },
        {
            "dt": "20181012",
            "area": "6",
            "aggrnum": "1178253"
        },
        {
            "dt": "20181005",
            "area": "5",
            "aggrnum": "803956"
        },
        {
            "dt": "20181004",
            "area": "8",
            "aggrnum": "947113"
        },
        {
            "dt": "20181023",
            "area": "8",
            "aggrnum": "625490"
        },
        {
            "dt": "20181014",
            "area": "2",
            "aggrnum": "467141"
        },
        {
            "dt": "20181026",
            "area": "1",
            "aggrnum": "1217880"
        },
        {
            "dt": "20181024",
            "area": "9",
            "aggrnum": "934287"
        },
        {
            "dt": "20181010",
            "area": "8",
            "aggrnum": "1049355"
        },
        {
            "dt": "20181016",
            "area": "10",
            "aggrnum": "433898"
        },
        {
            "dt": "20181021",
            "area": "10",
            "aggrnum": "239538"
        },
        {
            "dt": "20181010",
            "area": "4",
            "aggrnum": "910778"
        },
        {
            "dt": "20181009",
            "area": "3",
            "aggrnum": "1229212"
        },
        {
            "dt": "20181018",
            "area": "2",
            "aggrnum": "464996"
        },
        {
            "dt": "20181004",
            "area": "1",
            "aggrnum": "903514"
        },
        {
            "dt": "20181007",
            "area": "2",
            "aggrnum": "485040"
        },
        {
            "dt": "20181004",
            "area": "11",
            "aggrnum": "667441"
        },
        {
            "dt": "20181019",
            "area": "10",
            "aggrnum": "438734"
        },
        {
            "dt": "20181024",
            "area": "1",
            "aggrnum": "1116992"
        },
        {
            "dt": "20181003",
            "area": "11",
            "aggrnum": "698994"
        },
        {
            "dt": "20181013",
            "area": "11",
            "aggrnum": "747565"
        },
        {
            "dt": "20181025",
            "area": "10",
            "aggrnum": "436778"
        },
        {
            "dt": "20181030",
            "area": "5",
            "aggrnum": "908156"
        },
        {
            "dt": "20181016",
            "area": "8",
            "aggrnum": "1070198"
        },
        {
            "dt": "20181025",
            "area": "5",
            "aggrnum": "878873"
        },
        {
            "dt": "20181028",
            "area": "6",
            "aggrnum": "1253403"
        },
        {
            "dt": "20181026",
            "area": "2",
            "aggrnum": "517225"
        },
        {
            "dt": "20181031",
            "area": "5",
            "aggrnum": "922245"
        },
        {
            "dt": "20181023",
            "area": "10",
            "aggrnum": "280761"
        },
        {
            "dt": "20181020",
            "area": "1",
            "aggrnum": "760793"
        },
        {
            "dt": "20181012",
            "area": "3",
            "aggrnum": "1284441"
        },
        {
            "dt": "20181023",
            "area": "11",
            "aggrnum": "385578"
        },
        {
            "dt": "20181030",
            "area": "2",
            "aggrnum": "490901"
        },
        {
            "dt": "20181008",
            "area": "6",
            "aggrnum": "1146526"
        },
        {
            "dt": "20181019",
            "area": "7",
            "aggrnum": "1079526"
        },
        {
            "dt": "20181022",
            "area": "10",
            "aggrnum": "235386"
        },
        {
            "dt": "20181002",
            "area": "5",
            "aggrnum": "819411"
        },
        {
            "dt": "20181027",
            "area": "6",
            "aggrnum": "1219110"
        },
        {
            "dt": "20181030",
            "area": "6",
            "aggrnum": "1142465"
        },
        {
            "dt": "20181006",
            "area": "4",
            "aggrnum": "918774"
        },
        {
            "dt": "20181022",
            "area": "4",
            "aggrnum": "451049"
        },
        {
            "dt": "20181018",
            "area": "8",
            "aggrnum": "1070911"
        },
        {
            "dt": "20181028",
            "area": "1",
            "aggrnum": "1124808"
        },
        {
            "dt": "20181012",
            "area": "8",
            "aggrnum": "1100666"
        },
        {
            "dt": "20181022",
            "area": "1",
            "aggrnum": "588150"
        },
        {
            "dt": "20181007",
            "area": "11",
            "aggrnum": "723750"
        },
        {
            "dt": "20181018",
            "area": "1",
            "aggrnum": "1176452"
        },
        {
            "dt": "20181004",
            "area": "9",
            "aggrnum": "970902"
        },
        {
            "dt": "20181014",
            "area": "10",
            "aggrnum": "440272"
        },
        {
            "dt": "20181017",
            "area": "3",
            "aggrnum": "1215465"
        },
        {
            "dt": "20181023",
            "area": "1",
            "aggrnum": "729234"
        },
        {
            "dt": "20181006",
            "area": "2",
            "aggrnum": "502195"
        },
        {
            "dt": "20181009",
            "area": "9",
            "aggrnum": "989669"
        },
        {
            "dt": "20181017",
            "area": "8",
            "aggrnum": "1080420"
        },
        {
            "dt": "20181030",
            "area": "8",
            "aggrnum": "1090296"
        },
        {
            "dt": "20181011",
            "area": "9",
            "aggrnum": "976508"
        },
        {
            "dt": "20181017",
            "area": "6",
            "aggrnum": "1132547"
        },
        {
            "dt": "20181016",
            "area": "2",
            "aggrnum": "468081"
        },
        {
            "dt": "20181016",
            "area": "1",
            "aggrnum": "1190724"
        },
        {
            "dt": "20181009",
            "area": "4",
            "aggrnum": "913774"
        },
        {
            "dt": "20181012",
            "area": "7",
            "aggrnum": "1100435"
        },
        {
            "dt": "20181018",
            "area": "10",
            "aggrnum": "429900"
        },
        {
            "dt": "20181008",
            "area": "10",
            "aggrnum": "433088"
        },
        {
            "dt": "20181027",
            "area": "1",
            "aggrnum": "1205047"
        },
        {
            "dt": "20181028",
            "area": "8",
            "aggrnum": "1131808"
        },
        {
            "dt": "20181023",
            "area": "2",
            "aggrnum": "278280"
        },
        {
            "dt": "20181006",
            "area": "5",
            "aggrnum": "840562"
        },
        {
            "dt": "20181027",
            "area": "10",
            "aggrnum": "460248"
        },
        {
            "dt": "20181020",
            "area": "8",
            "aggrnum": "680584"
        },
        {
            "dt": "20181030",
            "area": "3",
            "aggrnum": "1231301"
        },
        {
            "dt": "20181005",
            "area": "4",
            "aggrnum": "883164"
        },
        {
            "dt": "20181006",
            "area": "1",
            "aggrnum": "1025775"
        },
        {
            "dt": "20181014",
            "area": "1",
            "aggrnum": "1148836"
        },
        {
            "dt": "20181011",
            "area": "1",
            "aggrnum": "1183597"
        },
        {
            "dt": "20181006",
            "area": "3",
            "aggrnum": "1215157"
        },
        {
            "dt": "20181027",
            "area": "3",
            "aggrnum": "1302153"
        },
        {
            "dt": "20181009",
            "area": "7",
            "aggrnum": "1033831"
        },
        {
            "dt": "20181005",
            "area": "9",
            "aggrnum": "977904"
        },
        {
            "dt": "20181031",
            "area": "11",
            "aggrnum": "733140"
        },
        {
            "dt": "20181012",
            "area": "10",
            "aggrnum": "441941"
        },
        {
            "dt": "20181003",
            "area": "5",
            "aggrnum": "783580"
        },
        {
            "dt": "20181009",
            "area": "2",
            "aggrnum": "465277"
        },
        {
            "dt": "20181031",
            "area": "10",
            "aggrnum": "437866"
        },
        {
            "dt": "20181030",
            "area": "4",
            "aggrnum": "927662"
        },
        {
            "dt": "20181028",
            "area": "11",
            "aggrnum": "752559"
        },
        {
            "dt": "20181006",
            "area": "7",
            "aggrnum": "1137469"
        },
        {
            "dt": "20181022",
            "area": "7",
            "aggrnum": "535434"
        },
        {
            "dt": "20181002",
            "area": "9",
            "aggrnum": "1039336"
        },
        {
            "dt": "20181026",
            "area": "11",
            "aggrnum": "761229"
        },
        {
            "dt": "20181009",
            "area": "1",
            "aggrnum": "1178607"
        },
        {
            "dt": "20181008",
            "area": "3",
            "aggrnum": "1248877"
        },
        {
            "dt": "20181014",
            "area": "5",
            "aggrnum": "909144"
        },
        {
            "dt": "20181025",
            "area": "4",
            "aggrnum": "901308"
        },
        {
            "dt": "20181016",
            "area": "4",
            "aggrnum": "921572"
        },
        {
            "dt": "20181016",
            "area": "11",
            "aggrnum": "719871"
        },
        {
            "dt": "20181011",
            "area": "7",
            "aggrnum": "1057907"
        },
        {
            "dt": "20181001",
            "area": "6",
            "aggrnum": "1322723"
        },
        {
            "dt": "20181026",
            "area": "10",
            "aggrnum": "452470"
        },
        {
            "dt": "20181028",
            "area": "10",
            "aggrnum": "450073"
        },
        {
            "dt": "20181030",
            "area": "1",
            "aggrnum": "1189323"
        },
        {
            "dt": "20181019",
            "area": "11",
            "aggrnum": "729817"
        },
        {
            "dt": "20181003",
            "area": "7",
            "aggrnum": "1136696"
        },
        {
            "dt": "20181022",
            "area": "2",
            "aggrnum": "229975"
        },
        {
            "dt": "20181017",
            "area": "1",
            "aggrnum": "1190369"
        },
        {
            "dt": "20181016",
            "area": "3",
            "aggrnum": "1212021"
        },
        {
            "dt": "20181002",
            "area": "4",
            "aggrnum": "919518"
        },
        {
            "dt": "20181007",
            "area": "4",
            "aggrnum": "940875"
        },
        {
            "dt": "20181001",
            "area": "8",
            "aggrnum": "1078074"
        },
        {
            "dt": "20181021",
            "area": "6",
            "aggrnum": "664525"
        },
        {
            "dt": "20181004",
            "area": "7",
            "aggrnum": "1091534"
        },
        {
            "dt": "20181015",
            "area": "6",
            "aggrnum": "1154425"
        },
        {
            "dt": "20181017",
            "area": "2",
            "aggrnum": "473312"
        },
        {
            "dt": "20181011",
            "area": "8",
            "aggrnum": "1064776"
        },
        {
            "dt": "20181015",
            "area": "2",
            "aggrnum": "485207"
        },
        {
            "dt": "20181015",
            "area": "7",
            "aggrnum": "1075608"
        },
        {
            "dt": "20181010",
            "area": "10",
            "aggrnum": "429490"
        },
        {
            "dt": "20181015",
            "area": "3",
            "aggrnum": "1260948"
        },
        {
            "dt": "20181029",
            "area": "6",
            "aggrnum": "1163679"
        },
        {
            "dt": "20181005",
            "area": "7",
            "aggrnum": "1087704"
        },
        {
            "dt": "20181025",
            "area": "7",
            "aggrnum": "1048939"
        },
        {
            "dt": "20181025",
            "area": "9",
            "aggrnum": "971654"
        },
        {
            "dt": "20181005",
            "area": "11",
            "aggrnum": "677979"
        },
        {
            "dt": "20181001",
            "area": "11",
            "aggrnum": "856385"
        },
        {
            "dt": "20181029",
            "area": "11",
            "aggrnum": "729728"
        },
        {
            "dt": "20181013",
            "area": "10",
            "aggrnum": "449224"
        },
        {
            "dt": "20181013",
            "area": "8",
            "aggrnum": "1130156"
        },
        {
            "dt": "20181025",
            "area": "1",
            "aggrnum": "1155926"
        },
        {
            "dt": "20181001",
            "area": "0",
            "aggrnum": "5729520"
        },
        {
            "dt": "20181002",
            "area": "0",
            "aggrnum": "5283667"
        },
        {
            "dt": "20181003",
            "area": "0",
            "aggrnum": "5155452"
        },
        {
            "dt": "20181004",
            "area": "0",
            "aggrnum": "5155297"
        },
        {
            "dt": "20181005",
            "area": "0",
            "aggrnum": "5302739"
        },
        {
            "dt": "20181006",
            "area": "0",
            "aggrnum": "5534425"
        },
        {
            "dt": "20181007",
            "area": "0",
            "aggrnum": "5727130"
        },
        {
            "dt": "20181008",
            "area": "0",
            "aggrnum": "5615427"
        },
        {
            "dt": "20181009",
            "area": "0",
            "aggrnum": "5594217"
        },
        {
            "dt": "20181010",
            "area": "0",
            "aggrnum": "5588268"
        },
        {
            "dt": "20181011",
            "area": "0",
            "aggrnum": "5605990"
        },
        {
            "dt": "20181012",
            "area": "0",
            "aggrnum": "5758874"
        },
        {
            "dt": "20181013",
            "area": "0",
            "aggrnum": "5805827"
        },
        {
            "dt": "20181014",
            "area": "0",
            "aggrnum": "5794740"
        },
        {
            "dt": "20181015",
            "area": "0",
            "aggrnum": "5705092"
        },
        {
            "dt": "20181016",
            "area": "0",
            "aggrnum": "5638138"
        },
        {
            "dt": "20181017",
            "area": "0",
            "aggrnum": "5621971"
        },
        {
            "dt": "20181018",
            "area": "0",
            "aggrnum": "5614928"
        },
        {
            "dt": "20181019",
            "area": "0",
            "aggrnum": "5713399"
        },
        {
            "dt": "20181020",
            "area": "0",
            "aggrnum": "5702343"
        },
        {
            "dt": "20181021",
            "area": "0",
            "aggrnum": "5694182"
        },
        {
            "dt": "20181022",
            "area": "0",
            "aggrnum": "5762246"
        },
        {
            "dt": "20181023",
            "area": "0",
            "aggrnum": "5623252"
        },
        {
            "dt": "20181024",
            "area": "0",
            "aggrnum": "5516140"
        },
        {
            "dt": "20181025",
            "area": "0",
            "aggrnum": "5640262"
        },
        {
            "dt": "20181026",
            "area": "0",
            "aggrnum": "5813269"
        },
        {
            "dt": "20181027",
            "area": "0",
            "aggrnum": "5849272"
        },
        {
            "dt": "20181028",
            "area": "0",
            "aggrnum": "5844123"
        },
        {
            "dt": "20181029",
            "area": "0",
            "aggrnum": "5694392"
        },
        {
            "dt": "20181030",
            "area": "0",
            "aggrnum": "5665346"
        },
        {
            "dt": "20181031",
            "area": "0",
            "aggrnum": "5686021"
        }
    ]
}
