{
    "RECORDS": [
        {
            "dtm": "201810",
            "area": "1",
            "aggrnum": "6014218"
        },
        {
            "dtm": "201810",
            "area": "2",
            "aggrnum": "3682474"
        },
        {
            "dtm": "201810",
            "area": "3",
            "aggrnum": "6523730"
        },
        {
            "dtm": "201810",
            "area": "4",
            "aggrnum": "6121691"
        },
        {
            "dtm": "201810",
            "area": "5",
            "aggrnum": "5934757"
        },
        {
            "dtm": "201810",
            "area": "6",
            "aggrnum": "6478823"
        },
        {
            "dtm": "201810",
            "area": "7",
            "aggrnum": "6288647"
        },
        {
            "dtm": "201810",
            "area": "8",
            "aggrnum": "6259410"
        },
        {
            "dtm": "201810",
            "area": "9",
            "aggrnum": "7222807"
        },
        {
            "dtm": "201810",
            "area": "10",
            "aggrnum": "2668487"
        },
        {
            "dtm": "201810",
            "area": "11",
            "aggrnum": "5327722"
        },
        {
            "dtm": "201810",
            "area": "0",
            "aggrnum": "16678344"
        }
    ]
}