{
  "rank": [
    ["横岗街道", -1.16],
    ["南湾街道", -2.21],
    ["龙城街道", -2.23],
    ["吉华街道", -2.71],
    ["龙岗区街道", -2.73],
    ["坪地街道", -2.79],
    ["平湖街道", -2.95],
    ["园山街道", -3.17],
    ["布吉街道", -3.27],
    ["坂田街道", -3.81],
    ["宝龙街道", -4.01]
  ],
  "sex":[
    ["男性", 55],
    ["女性", 45]
  ],
  "age":[
    ["66岁以上", 3.12],
    ["60-65岁", 27.24],
    ["50-59岁", 30.96],
    ["41-49岁", 21.49],
    ["18-40岁", 14.43],
    ["1-17岁", 2.76]
  ],
  "city": {
    "province":[
      ["深圳", "龙岗区", 68.06],
      ["东莞", "龙岗区", 14.03],
      ["广州", "龙岗区", 12.29],
      ["惠州", "龙岗区", 8.12],
      ["汕头", "龙岗区",2.79]
    ],
    "home": [
      ["广东", "龙岗区", 131.61],
      ["湖南", "龙岗区", 3.92],
      ["福建", "龙岗区", 3.59],
      ["江西", "龙岗区", 3.18],
      ["广西", "龙岗区",2.92]
    ]
  }
}