{
  "liveInWorkOut": [
    ["深圳福田区", "59049","70%"],
    ["深圳罗湖区", "48400","65%"],
    ["深圳龙华区", "20812","30%"],
    ["深圳南山区", "20019","28%"],
    ["深圳坪山区","5472", "10%"],
    ["深圳宝安区", "4817"],
    ["深圳盐田区", "3822"],
    ["深圳大鹏新区", "913"],
    ["深圳光明新区", "811"]
  ],
  "liveOutWorkIn": [
    ["深圳福田区", "5027","80%"],
    ["深圳龙华区", "4469","78%"],
    ["深圳罗湖区", "2897","70%"],
    ["深圳坪山区", "1683","45%"],
    ["深圳南山区", "758","20%"],
    ["深圳宝安区", "668"],
    ["深圳盐田区", "381"],
    ["深圳光明新区", "72"],
    ["深圳大鹏新区", "70"]
  ],
  "streetWorkIn": [
    ["龙岗街道", "龙城街道", "26991", "80%"],
    ["龙城街道", "龙岗街道", "19866", "60%"],
    ["南湾街道", "布吉街道", "17814", "55%"],
    ["园山街道", "横岗街道", "13938", "20%"],
    ["吉华街道", "布吉街道", "13354", "15%"],
    ["横岗街道", "园山街道", "13185"],
    ["布吉街道", "南湾街道", "13172"],
    ["布吉街道", "吉华街道", "12712"],
    ["龙岗街道", "宝龙街道", "10788"],
    ["龙城街道", "园山街道", "9385"],
    ["宝龙街道", "龙岗街道", "6550"],
    ["吉华街道", "南湾街道", "6240"],
    ["南湾街道", "吉华街道", "6165"],
    ["南湾街道", "平湖街道", "5726"],
    ["吉华街道", "坂田街道", "5461"],
    ["龙岗街道", "坪地街道", "4838"],
    ["平湖街道", "南湾街道", "4800"],
    ["龙城街道", "宝龙街道", "4487"],
    ["园山街道", "龙城街道", "3954"],
    ["布吉街道", "坂田街道", "3767"],
    ["龙城街道", "横岗街道", "3525"],
    ["坪地街道", "龙岗街道", "3469"],
    ["平湖街道", "横岗街道", "3461"],
    ["宝龙街道", "龙城街道", "3446"],
    ["龙城街道", "坪地街道", "3328"],
    ["横岗街道", "平湖街道", "3157"],
    ["横岗街道", "龙城街道", "3051"],
    ["南湾街道", "横岗街道", "2706"],
    ["坂田街道", "吉华街道", "2682"],
    ["横岗街道", "南湾街道", "2562"],
    ["南湾街道", "坂田街道", "2350"],
    ["坪地街道", "龙城街道", "2127"],
    ["布吉街道", "平湖街道", "2049"],
    ["龙城街道", "平湖街道", "1898"],
    ["龙岗街道", "横岗街道", "1757"],
    ["布吉街道", "横岗街道", "1628"],
    ["龙岗街道", "园山街道", "1503"],
    ["横岗街道", "布吉街道", "1462"],
    ["坂田街道", "布吉街道", "1446"],
    ["横岗街道", "龙岗街道", "1426"],
    ["龙城街道", "坂田街道", "1388"],
    ["吉华街道", "平湖街道", "1385"],
    ["布吉街道", "龙城街道", "1274"],
    ["龙城街道", "南湾街道", "1252"],
    ["坂田街道", "平湖街道", "1245"],
    ["坂田街道", "南湾街道", "1234"],
    ["宝龙街道", "园山街道", "1125"],
    ["平湖街道", "坂田街道", "950"],
    ["横岗街道", "坂田街道", "939"],
    ["吉华街道", "横岗街道", "913"],
    ["龙城街道", "布吉街道", "904"],
    ["南湾街道", "龙城街道", "851"],
    ["园山街道", "宝龙街道", "829"],
    ["平湖街道", "吉华街道", "781"],
    ["园山街道", "龙岗街道", "781"],
    ["龙岗街道", "平湖街道", "696"],
    ["平湖街道", "坪地街道", "696"],
    ["园山街道", "南湾街道", "658"],
    ["龙岗街道", "坂田街道", "657"],
    ["南湾街道", "园山街道", "640"],
    ["坂田街道", "龙城街道", "628"],
    ["平湖街道", "布吉街道", "620"],
    ["布吉街道", "园山街道", "592"],
    ["横岗街道", "吉华街道", "589"],
    ["龙城街道", "吉华街道", "561"],
    ["龙岗街道", "南湾街道", "560"],
    ["平湖街道", "龙城街道", "539"],
    ["吉华街道", "龙城街道", "516"],
    ["园山街道", "平湖街道", "477"],
    ["宝龙街道", "横岗街道", "473"],
    ["坪地街道", "平湖街道", "470"],
    ["园山街道", "布吉街道", "470"],
    ["坂田街道", "横岗街道", "462"],
    ["龙岗街道", "布吉街道", "456"],
    ["坪地街道", "宝龙街道", "448"],
    ["宝龙街道", "坪地街道", "429"],
    ["布吉街道", "龙岗街道", "407"],
    ["横岗街道", "宝龙街道", "404"],
    ["南湾街道", "龙岗街道", "404"],
    ["园山街道", "坂田街道", "371"],
    ["吉华街道", "园山街道", "311"],
    ["龙岗街道", "吉华街道", "292"],
    ["园山街道", "吉华街道", "271"],
    ["平湖街道", "园山街道", "244"],
    ["坂田街道", "园山街道", "236"],
    ["宝龙街道", "坂田街道", "217"],
    ["横岗街道", "坪地街道", "200"],
    ["吉华街道", "龙岗街道", "197"],
    ["坪地街道", "横岗街道", "188"],
    ["南湾街道", "宝龙街道", "185"],
    ["平湖街道", "龙岗街道", "185"],
    ["坪地街道", "园山街道", "184"],
    ["宝龙街道", "南湾街道", "183"],
    ["园山街道", "坪地街道", "180"],
    ["宝龙街道", "平湖街道", "175"],
    ["布吉街道", "宝龙街道", "163"],
    ["吉华街道", "坪地街道", "147"],
    ["南湾街道", "坪地街道", "136"],
    ["坂田街道", "龙岗街道", "133"],
    ["吉华街道", "宝龙街道", "115"],
    ["布吉街道", "坪地街道", "111"],
    ["坂田街道", "宝龙街道", "110"],
    ["坪地街道", "南湾街道", "95"],
    ["宝龙街道", "吉华街道", "82"],
    ["宝龙街道", "布吉街道", "82"],
    ["坂田街道", "坪地街道", "80"],
    ["坪地街道", "坂田街道", "72"],
    ["坪地街道", "吉华街道", "65"],
    ["平湖街道", "宝龙街道", "61"],
    ["坪地街道", "布吉街道", "51"]
  ],
  "streetWorkInTotal" : "3894384",
  "liveInWorkInTotal": "3010258",
  "liveInWorkOutTotal" : "397178",
  "liveOutWorkInTotal" : "486948"
}
