{
  "rank": [
    ["坪地",183.27],
    ["宝龙",260.25],
    ["园山",373.23],
    ["吉华",422.90],
    ["横岗",431.25],
    ["南湾",436.45],
    ["坂田",442.70],
    ["龙岗区",444.73],
    ["龙城",454.68],
    ["布吉",464.31],
    ["平湖",560.59]
  ],
  "timeNum": [
    ["201805" ,1625.17],
    ["201806" ,1612.05],
    ["201807" ,1775.73],
    ["201808" ,1771.36],
    ["201809" ,1586.14],
    ["201810" ,1690.44]
  ],
  "stayTime": [
    ["驻留1天", 41.52],
    ["驻留2-3天", 28.74],
    ["驻留4-7天", 12.79],
    ["驻留8-15天", 8.17],
    ["驻留16-31天", 8.79]
  ],
  "city": {
    "province":[
      ["深圳", "龙岗区", 584.76],
      ["东莞", "龙岗区", 104.79],
      ["广州", "龙岗区", 101.73],
      ["惠州", "龙岗区", 60.29],
      ["汕头", "龙岗区",25.49],
      ["揭阳", "龙岗区",13.64],
      ["汕尾", "龙岗区",11.59],
      ["梅州", "龙岗区",11.47],
      ["佛山", "龙岗区",10.32],
      ["河源", "龙岗区",8.20]
    ],
    "home": [
      ["广东", "龙岗区", 1037.18],
      ["湖南", "龙岗区", 30.10],
      ["福建", "龙岗区", 28.31],
      ["江西", "龙岗区", 27.52],
      ["广西", "龙岗区",24.97],
      ["湖北", "龙岗区",11.98],
      ["河南", "龙岗区",11.14],
      ["浙江", "龙岗区",10.47],
      ["四川", "龙岗区",8.99],
      ["上海", "龙岗区",8.93]
    ],
    "foreign": [
      ["香港", "龙岗区", 27.00],
      ["美国&加拿大", "龙岗区", 2.09],
      ["台湾", "龙岗区",1.12],
      ["马来西亚", "龙岗区", 0.59],
      ["日本", "龙岗区", 0.58],
      ["英国", "龙岗区",0.37],
      ["韩国", "龙岗区",0.31],
      ["泰国", "龙岗区",0.17],
      ["印度尼西亚", "龙岗区",0.16],
      ["德国", "龙岗区",0.15]
    ]
  }
}