{
  "rank": [
    ["龙城街道", 55.72],
    ["坂田街道", 55.27],
    ["龙岗街道", 52.62],
    ["平湖街道", 49.21],
    ["南湾街道", 41.57],
    ["横岗街道", 39.02],
    ["布吉街道", 38.98],
    ["吉华街道", 33.22],
    ["坪地街道", 31.40],
    ["园山街道", 29.11],
    ["宝龙街道", 24.77]
  ],
  "timeNum": [
    ["201805" ,520.19],
    ["201806" ,507.23],
    ["201807" ,514.27],
    ["201808" ,503.83],
    ["201809" ,503.79],
    ["201810" ,477.74]
  ],
  "sex":[
    ["男性", 54.95],
    ["女性", 45.05]
  ],
  "province":[
    ["广州",	11.84],
	  ["东莞",  7.97],
	  ["梅州",	7.56],
	  ["惠州",	4.38],
	  ["湛江",	3.88],
	  ["揭阳",	3.55]
  ],
  "outProvince":[
    ["广西",	7.63],
	  ["湖南",	6.97],
	  ["湖北",	5.92],
	  ["江西",  5.84],
	  ["四川",	4.47],
	  ["河南",	4.22]
  ],
  "age":[
    ["66岁以上", 6.86],
    ["60-65岁", 7.36],
    ["50-59岁", 11.75],
    ["41-49岁", 20.00],
    ["18-40岁", 47.51],
    ["1-17岁", 6.52]
  ]
}