{
  "city": [{
      "name": "龙岗区居住外区域工作的人口排名",
      "num": "51.63",
      "percent": "10",
      "rank": [
        ["龙岗区", "福田区" ,"59049", 35.98,18.58],
        ["龙岗区", "罗湖区","48400", 29.49,15.23],
        ["龙岗区", "龙华区", "20812",12.68,6.55],
        ["龙岗区", "南山区", "20019",12.20,6.30],
        ["龙岗区", "坪山区","5472",3.33,1.72],
        ["龙岗区", "宝安区","4817",2.93,1.51],
        ["龙岗区", "盐田区","3822",2.33,1.20],
        ["龙岗区", "大鹏新区","913",0.56,0.29],
        ["龙岗区", "光明新区","811",0.49,0.25]
       ]
    },
    {
      "name": "外区域居住龙岗区工作的人口排名",
      "num": "63.30",
      "percent": "13",
      "rank": [
        [ "福田区", "龙岗区","5027",31.37,19.86],
        [ "龙华区", "龙岗区","4469",27.89,17.66],
        [ "罗湖区", "龙岗区","2897",18.08,11.45],
        [ "坪山区", "龙岗区","1683",10.50,6.65],
        [ "南山区", "龙岗区","758",4.73,2.99],
        [ "宝安区", "龙岗区","668",4.17,2.64],
        [ "盐田区", "龙岗区","381",2.38,1.51],
        [ "光明新区", "龙岗区","72",0.45,0.28],
        [ "大鹏新区", "龙岗区","70",0.44,0.28]
       ]
    },
    {
      "name": "龙岗区居住且工作的人口排名",
      "num": "391.33",
      "percent": "77",
      "rank": [
        [ "龙岗街道", "龙城街道","26991",9.44],
        [ "龙城街道", "龙岗街道","19866",6.94],
        [ "南湾街道", "布吉街道","17814",6.23],
        [ "园山街道", "横岗街道","13938",4.87],
        [ "吉华街道", "布吉街道","13354",4.67]
       ]
    }
  ]
}